# Filename	3a_input.fa	3c_input4.fa	3c_input.fa	3c_input2.fa	3c_input3.fa	
3a_input.fa	0.0	0.745796901142	0.108785658644	0.368787344935	0.600738184554	
3c_input4.fa	0.745796901142	0.0	0.776884995259	0.615997536211	0.377884590419	
3c_input.fa	0.108785658644	0.776884995259	0.0	0.402751375479	0.63958498499	
3c_input2.fa	0.368787344935	0.615997536211	0.402751375479	0.0	0.311349924538	
3c_input3.fa	0.600738184554	0.377884590419	0.63958498499	0.311349924538	0.0	
